Date,Day,Theme,Template,Image Text,Hook / Caption,Casi Pose Prompt,Hashtags,CTA,Status
2025-10-28,1,Streamer Pain Point,Dark,Ever miss important chat moments?,Chatâ€™s flying. You blink. That key questionâ€™s gone ğŸ‘€ Casi spots questions & vibes in real time so you never miss a moment again.,Casi with headset scanning fast chat bubbles,#HeyCasi #StreamerTools #StreamingAnalytics #TwitchGrowth #AIforCreators,Join the free beta at heycasi.com ğŸš€,Idea
2025-10-30,2,Product Feature,Light,Realâ€‘time analytics that actually help you grow.,No more guesswork â€” Casi shows what lights up your viewers while youâ€™re live.,Casi pointing at a holographic analytics chart,#HeyCasi #StreamerTools #StreamingAnalytics #TwitchGrowth #AIforCreators,Join the free beta at heycasi.com ğŸš€,Idea
2025-11-01,3,Motivation,Dark,You donâ€™t need huge numbers â€” you need connection.,Even 10 engaged viewers can feel electric âš¡ Casi helps you understand the people who already show up.,Casi holding a glowing heart icon,#HeyCasi #StreamerTools #StreamingAnalytics #TwitchGrowth #AIforCreators,Join the free beta at heycasi.com ğŸš€,Idea
2025-11-03,4,Tips for Streamers,Light,3 ways to boost engagement tonight,1) Ask direct questions  2) Shout out chat messages  3) Let Casi track what lands best ğŸ’¬,Casi writing on a digital whiteboard,#HeyCasi #StreamerTools #StreamingAnalytics #TwitchGrowth #AIforCreators,Join the free beta at heycasi.com ğŸš€,Idea
2025-11-05,5,Feature Launch,Dark,New: Casi upgrade is live ğŸ‰,This update is for you: faster analytics + smoother reports. Rollout starts today.,Casi celebrating with confetti,#HeyCasi #StreamerTools #StreamingAnalytics #TwitchGrowth #AIforCreators,Join the free beta at heycasi.com ğŸš€,Idea
2025-11-07,6,Behind the Build,Light,How weâ€™re training Casi to understand your chat,"Every chat has its own slang. We trained Casi on multilingual data so it gets the vibe, wherever you stream.",Casi reading multilingual text bubbles,#HeyCasi #StreamerTools #StreamingAnalytics #TwitchGrowth #AIforCreators,Join the free beta at heycasi.com ğŸš€,Idea
2025-11-09,7,Motivation,Dark,You donâ€™t need huge numbers â€” you need connection.,Even 10 engaged viewers can feel electric âš¡ Casi helps you understand the people who already show up.,Casi showing a mood meter (green/orange),#HeyCasi #StreamerTools #StreamingAnalytics #TwitchGrowth #AIforCreators,Join the free beta at heycasi.com ğŸš€,Idea
2025-11-11,8,Problem â†’ Solution,Light,Guessing vs knowing your chatâ€™s vibe,"Tired of guessing? Casi reads mood live â€” happy, bored, hyped â€” so you can switch gears at the right moment.",Casi clapping beside a streamer avatar,#HeyCasi #StreamerTools #StreamingAnalytics #TwitchGrowth #AIforCreators,Join the free beta at heycasi.com ğŸš€,Idea
2025-11-13,9,Product Demo Highlight,Dark,"Your streamâ€™s analytics, simplified","Open your dashboard after stream â€” Casi shows peaks, best moments, and highlights automatically.",Casi hero pose with floating icons,#HeyCasi #StreamerTools #StreamingAnalytics #TwitchGrowth #AIforCreators,Join the free beta at heycasi.com ğŸš€,Idea
2025-11-15,10,Creator Tip,Light,Ask. Donâ€™t assume.,Ask instead of assuming. Casi surfaces whoâ€™s engaging most + which topics spark replies.,Casi waving with URL glowing,#HeyCasi #StreamerTools #StreamingAnalytics #TwitchGrowth #AIforCreators,Join the free beta at heycasi.com ğŸš€,Idea
2025-11-17,11,Feature Update,Dark,Postâ€‘stream reports just got smarter,Postâ€‘stream email now includes top questions and engagement peaks. Check your inbox.,Casi with headset scanning fast chat bubbles,#HeyCasi #StreamerTools #StreamingAnalytics #TwitchGrowth #AIforCreators,Join the free beta at heycasi.com ğŸš€,Idea
2025-11-19,12,Community Post,Light,Meet our beta creators ğŸ’œ,"Weâ€™ve onboarded our first wave of streamers â€” real feedback, real progress. Want in on beta?",Casi pointing at a holographic analytics chart,#HeyCasi #StreamerTools #StreamingAnalytics #TwitchGrowth #AIforCreators,Join the free beta at heycasi.com ğŸš€,Idea
2025-11-21,13,Motivation,Dark,You donâ€™t need huge numbers â€” you need connection.,Even 10 engaged viewers can feel electric âš¡ Casi helps you understand the people who already show up.,Casi holding a glowing heart icon,#HeyCasi #StreamerTools #StreamingAnalytics #TwitchGrowth #AIforCreators,Join the free beta at heycasi.com ğŸš€,Idea
2025-11-23,14,Feature Education,Light,What is sentiment analysis?,"Casi doesnâ€™t just count words â€” it reads tone, emotion, and intent to understand your chat.",Casi writing on a digital whiteboard,#HeyCasi #StreamerTools #StreamingAnalytics #TwitchGrowth #AIforCreators,Join the free beta at heycasi.com ğŸš€,Idea
2025-11-25,15,Behind the Build,Dark,How weâ€™re training Casi to understand your chat,"Every chat has its own slang. We trained Casi on multilingual data so it gets the vibe, wherever you stream.",Casi celebrating with confetti,#HeyCasi #StreamerTools #StreamingAnalytics #TwitchGrowth #AIforCreators,Join the free beta at heycasi.com ğŸš€,Idea
2025-11-27,16,Tips,Light,Try this midâ€‘stream questionâ€¦,Midâ€‘stream prompt: â€œHow we feeling about this part?â€ Casi tracks the vibe shift instantly.,Casi reading multilingual text bubbles,#HeyCasi #StreamerTools #StreamingAnalytics #TwitchGrowth #AIforCreators,Join the free beta at heycasi.com ğŸš€,Idea
2025-11-29,17,Motivation,Dark,You donâ€™t need huge numbers â€” you need connection.,Even 10 engaged viewers can feel electric âš¡ Casi helps you understand the people who already show up.,Casi showing a mood meter (green/orange),#HeyCasi #StreamerTools #StreamingAnalytics #TwitchGrowth #AIforCreators,Join the free beta at heycasi.com ğŸš€,Idea
2025-12-01,18,Product Feature,Light,Realâ€‘time analytics that actually help you grow.,No more guesswork â€” Casi shows what lights up your viewers while youâ€™re live.,Casi clapping beside a streamer avatar,#HeyCasi #StreamerTools #StreamingAnalytics #TwitchGrowth #AIforCreators,Join the free beta at heycasi.com ğŸš€,Idea
2025-12-03,19,Community,Dark,Creators using Casi loveâ€¦,âœ… Fewer missed questions  âœ… Easy postâ€‘stream summaries  âœ… Happier chats. Ready to try it?,Casi hero pose with floating icons,#HeyCasi #StreamerTools #StreamingAnalytics #TwitchGrowth #AIforCreators,Join the free beta at heycasi.com ğŸš€,Idea
2025-12-05,20,Tip / Value,Light,3 metrics that actually matter,"Forget vanity views. Watch engagement, sentiment, and retention â€” thatâ€™s growth.",Casi waving with URL glowing,#HeyCasi #StreamerTools #StreamingAnalytics #TwitchGrowth #AIforCreators,Join the free beta at heycasi.com ğŸš€,Idea
2025-12-07,21,Behind the Scenes,Dark,A peek inside Casiâ€™s dashboard,"We designed every chart to be intuitive â€” no clutter, just insight you can act on.",Casi with headset scanning fast chat bubbles,#HeyCasi #StreamerTools #StreamingAnalytics #TwitchGrowth #AIforCreators,Join the free beta at heycasi.com ğŸš€,Idea
2025-12-09,22,Product Demo,Light,Highlights. Instantly.,Casi autoâ€‘summarizes your streamâ€™s best moments right after you end. No manual clipping needed.,Casi pointing at a holographic analytics chart,#HeyCasi #StreamerTools #StreamingAnalytics #TwitchGrowth #AIforCreators,Join the free beta at heycasi.com ğŸš€,Idea
2025-12-11,23,Motivation,Dark,You donâ€™t need huge numbers â€” you need connection.,Even 10 engaged viewers can feel electric âš¡ Casi helps you understand the people who already show up.,Casi holding a glowing heart icon,#HeyCasi #StreamerTools #StreamingAnalytics #TwitchGrowth #AIforCreators,Join the free beta at heycasi.com ğŸš€,Idea
2025-12-13,24,Tips,Light,Try this midâ€‘stream questionâ€¦,Midâ€‘stream prompt: â€œHow we feeling about this part?â€ Casi tracks the vibe shift instantly.,Casi writing on a digital whiteboard,#HeyCasi #StreamerTools #StreamingAnalytics #TwitchGrowth #AIforCreators,Join the free beta at heycasi.com ğŸš€,Idea
2025-12-15,25,Feature Launch,Dark,New: Casi upgrade is live ğŸ‰,This update is for you: faster analytics + smoother reports. Rollout starts today.,Casi celebrating with confetti,#HeyCasi #StreamerTools #StreamingAnalytics #TwitchGrowth #AIforCreators,Join the free beta at heycasi.com ğŸš€,Idea
2025-12-17,26,Educational,Light,What stream data actually means.,Analytics arenâ€™t just numbers â€” theyâ€™re stories of connection. We help you read them.,Casi reading multilingual text bubbles,#HeyCasi #StreamerTools #StreamingAnalytics #TwitchGrowth #AIforCreators,Join the free beta at heycasi.com ğŸš€,Idea
2025-12-19,27,Motivation,Dark,You donâ€™t need huge numbers â€” you need connection.,Even 10 engaged viewers can feel electric âš¡ Casi helps you understand the people who already show up.,Casi showing a mood meter (green/orange),#HeyCasi #StreamerTools #StreamingAnalytics #TwitchGrowth #AIforCreators,Join the free beta at heycasi.com ğŸš€,Idea
2025-12-21,28,Community,Light,Creators using Casi loveâ€¦,âœ… Fewer missed questions  âœ… Easy postâ€‘stream summaries  âœ… Happier chats. Ready to try it?,Casi clapping beside a streamer avatar,#HeyCasi #StreamerTools #StreamingAnalytics #TwitchGrowth #AIforCreators,Join the free beta at heycasi.com ğŸš€,Idea
2025-12-23,29,Product Recap,Dark,Casi does it all.,"Realâ€‘time analytics, postâ€‘stream reports, multilingual sentiment tracking â€” one sidekick: Casi.",Casi hero pose with floating icons,#HeyCasi #StreamerTools #StreamingAnalytics #TwitchGrowth #AIforCreators,Join the free beta at heycasi.com ğŸš€,Idea
2025-12-25,30,Call-to-Action,Light,Get smarter with your stream.,Casiâ€™s beta is open. Sign up at heycasi.com and start seeing your community in a new light.,Casi waving with URL glowing,#HeyCasi #StreamerTools #StreamingAnalytics #TwitchGrowth #AIforCreators,Join the free beta at heycasi.com ğŸš€,Idea
